{"cameraMode":{"drawMode":0,"name":"Shaded","section":"Shading Mode"},"sceneLighting":true,"audioPlay":false,"sceneViewState":{"showFog":true,"showMaterialUpdate":false,"showSkybox":true,"showFlares":true,"showImageEffects":true,"showParticleSystems":true},"in2DMode":false,"pivot":{"x":0.6783956289291382,"y":0.10318288207054138,"z":-0.3038467764854431},"rotation":{"x":-0.07521845400333405,"y":0.023030078038573266,"z":-0.0017375198658555747,"w":-0.9969008564949036},"size":8.748598098754883,"orthographic":false}